-- phpMyAdmin SQL Dump
-- version 5.1.1deb5ubuntu1
-- https://www.phpmyadmin.net/
--
-- Host: localhost:3306
-- Generation Time: Sep 28, 2024 at 10:39 PM
-- Server version: 8.0.39-0ubuntu0.22.04.1
-- PHP Version: 8.1.2-1ubuntu2.18

SET SQL_MODE = "NO_AUTO_VALUE_ON_ZERO";
START TRANSACTION;
SET time_zone = "+00:00";


/*!40101 SET @OLD_CHARACTER_SET_CLIENT=@@CHARACTER_SET_CLIENT */;
/*!40101 SET @OLD_CHARACTER_SET_RESULTS=@@CHARACTER_SET_RESULTS */;
/*!40101 SET @OLD_COLLATION_CONNECTION=@@COLLATION_CONNECTION */;
/*!40101 SET NAMES utf8mb4 */;

--
-- Database: `ecommerce`
--

-- --------------------------------------------------------

--
-- Table structure for table `addresses`
--

CREATE TABLE `addresses` (
  `id` int NOT NULL,
  `line1` varchar(255) DEFAULT NULL,
  `line2` varchar(255) DEFAULT NULL,
  `city` varchar(45) DEFAULT NULL,
  `state` varchar(45) DEFAULT NULL,
  `street_name` varchar(45) DEFAULT NULL,
  `country` varchar(45) DEFAULT NULL,
  `phone` varchar(10) DEFAULT NULL,
  `pincode` int DEFAULT NULL,
  `user_id` int NOT NULL
) ENGINE=InnoDB DEFAULT CHARSET=utf8mb3;

-- --------------------------------------------------------

--
-- Table structure for table `categories`
--

CREATE TABLE `categories` (
  `id` int NOT NULL,
  `title` varchar(255) NOT NULL
) ENGINE=InnoDB DEFAULT CHARSET=utf8mb3;

--
-- Dumping data for table `categories`
--

INSERT INTO `categories` (`id`, `title`) VALUES
(1, 'Shoes'),
(2, 'Electronics');

-- --------------------------------------------------------

--
-- Table structure for table `orders`
--

CREATE TABLE `orders` (
  `id` int NOT NULL,
  `user_id` int NOT NULL
) ENGINE=InnoDB DEFAULT CHARSET=utf8mb3;

-- --------------------------------------------------------

--
-- Table structure for table `orders_details`
--

CREATE TABLE `orders_details` (
  `id` int NOT NULL,
  `order_id` int NOT NULL,
  `product_id` int NOT NULL,
  `quantity` int NOT NULL DEFAULT '1'
) ENGINE=InnoDB DEFAULT CHARSET=utf8mb3;

-- --------------------------------------------------------

--
-- Table structure for table `products`
--

CREATE TABLE `products` (
  `id` int NOT NULL,
  `title` varchar(255) NOT NULL,
  `image` varchar(255) NOT NULL,
  `images` text CHARACTER SET utf8mb3 COLLATE utf8mb3_general_ci,
  `description` text NOT NULL,
  `price` float NOT NULL,
  `quantity` int NOT NULL,
  `short_desc` varchar(255) NOT NULL,
  `cat_id` int DEFAULT NULL
) ENGINE=InnoDB DEFAULT CHARSET=utf8mb3;

--
-- Dumping data for table `products`
--

INSERT INTO `products` (`id`, `title`, `image`, `images`, `description`, `price`, `quantity`, `short_desc`, `cat_id`) VALUES
(1, 'PlayStation 4', 'https://encrypted-tbn0.gstatic.com/images?q=tbn%3AANd9GcSr-iFW5W8n3_jxNKiclAP_k71Fi9PGcojsMUC-vb8zbwJthbBd', 'https://encrypted-tbn0.gstatic.com/images?q=tbn%3AANd9GcSr-iFW5W8n3_jxNKiclAP_k71Fi9PGcojsMUC-vb8zbwJthbBd;https://static.toiimg.com/thumb/msid-56933980,width-640,resizemode-4,imgsize-85436/56933980.jpg;https://cdn.mos.cms.futurecdn.net/3328be45e8c7fe5194055b4c687fb769-1200-80.jpeg;https://img.etimg.com/thumb/width-640,height-480,imgsize-76492,resizemode-1,msid-52464286/46.jpg', 'With PS4, gaming becomes a lot more power packed. Ultra-fast processors, high-performance system, real-time game sharing, remote play and lots more makes it the ultimate companion device.', 240.99, 0, 'Gaming console', 2),
(2, 'PEGASUS 33 Running Shoes For Men', 'https://i.pinimg.com/originals/43/40/8e/43408ee5a8d234752ecf80bbc3832e65.jpg', 'https://i.pinimg.com/originals/43/40/8e/43408ee5a8d234752ecf80bbc3832e65.jpg;https://i.ebayimg.com/images/g/eQgAAOSw2XdePfc0/s-l640.jpg;https://i.ebayimg.com/images/g/j~gAAOSwQ6FdG9Eh/s-l640.jpg;https://i.ebayimg.com/images/g/OesAAOSwDnpeJhWN/s-l640.jpg', 'The Nike Zoom Pegasus Turbo 2 is updated with a feather-light upper, while innovative foam brings revolutionary responsiveness to your long-distance training', 59.99, 51, 'SPORTS SHOES', 1),
(3, 'MEN\'S ADIDAS RUNNING KALUS SHOES', 'https://encrypted-tbn0.gstatic.com/images?q=tbn%3AANd9GcSrEqFHfSbs6rUzcYnN_PcnS_D2JLXusKMVFk4Y8N_tn3hJgNIf', NULL, 'A well cushioned shoe with a fresher look that will appeal to young runners. Features Mesh upper for maximum ventilation, lightstrike IMEVA midsole with visible adiprene providing protection from harmful impact forces and durable Rubber outsole for long-lasting wear', 39.99, 69, 'SPORTS SHOES', 1),
(4, 'Xbox One X Star Wars Jedi', 'https://encrypted-tbn0.gstatic.com/images?q=tbn%3AANd9GcQ8ufSADR9EyusxEfgMLErqISEcKVzQyjoD81zWcdpBvuEGBnYP', NULL, 'Own the Xbox One X Star Wars Jedi: Fallen Order™ Bundle and step into the role of a Jedi Padawan who narrowly escaped the purge of Order 66. This bundle includes a full-game download of Star Wars Jedi: Fallen Order™ Deluxe Edition, a 1-month trial of Xbox Game Pass for console and Xbox Live Gold, and 1-month of EA Access.***', 250, 78, 'Gaming console', 2),
(5, 'PlayStation 4', 'https://encrypted-tbn0.gstatic.com/images?q=tbn%3AANd9GcSr-iFW5W8n3_jxNKiclAP_k71Fi9PGcojsMUC-vb8zbwJthbBd', NULL, 'With PS4, gaming becomes a lot more power packed. Ultra-fast processors, high-performance system, real-time game sharing, remote play and lots more makes it the ultimate companion device.', 240.99, 83, 'Gaming console', 2),
(6, 'PEGASUS 33 Running Shoes For Men', 'https://i.pinimg.com/originals/43/40/8e/43408ee5a8d234752ecf80bbc3832e65.jpg', NULL, 'The Nike Zoom Pegasus Turbo 2 is updated with a feather-light upper, while innovative foam brings revolutionary responsiveness to your long-distance training', 59.99, 1, 'SPORTS SHOES', 1),
(7, 'MEN\'S ADIDAS RUNNING KALUS SHOES', 'https://encrypted-tbn0.gstatic.com/images?q=tbn%3AANd9GcSrEqFHfSbs6rUzcYnN_PcnS_D2JLXusKMVFk4Y8N_tn3hJgNIf', NULL, 'A well cushioned shoe with a fresher look that will appeal to young runners. Features Mesh upper for maximum ventilation, lightstrike IMEVA midsole with visible adiprene providing protection from harmful impact forces and durable Rubber outsole for long-lasting wear', 39.99, 95, 'SPORTS SHOES', 1),
(8, 'Xbox One X Star Wars Jedi', 'https://encrypted-tbn0.gstatic.com/images?q=tbn%3AANd9GcQ8ufSADR9EyusxEfgMLErqISEcKVzQyjoD81zWcdpBvuEGBnYP', NULL, 'Own the Xbox One X Star Wars Jedi: Fallen Order™ Bundle and step into the role of a Jedi Padawan who narrowly escaped the purge of Order 66. This bundle includes a full-game download of Star Wars Jedi: Fallen Order™ Deluxe Edition, a 1-month trial of Xbox Game Pass for console and Xbox Live Gold, and 1-month of EA Access.***', 250, 100, 'Gaming console', 2),
(9, 'PlayStation 4', 'https://encrypted-tbn0.gstatic.com/images?q=tbn%3AANd9GcSr-iFW5W8n3_jxNKiclAP_k71Fi9PGcojsMUC-vb8zbwJthbBd', NULL, 'With PS4, gaming becomes a lot more power packed. Ultra-fast processors, high-performance system, real-time game sharing, remote play and lots more makes it the ultimate companion device.', 240.99, 100, 'Gaming console', 2),
(10, 'PEGASUS 33 Running Shoes For Men', 'https://i.pinimg.com/originals/43/40/8e/43408ee5a8d234752ecf80bbc3832e65.jpg', NULL, 'The Nike Zoom Pegasus Turbo 2 is updated with a feather-light upper, while innovative foam brings revolutionary responsiveness to your long-distance training', 59.99, 100, 'SPORTS SHOES', 1),
(11, 'MEN\'S ADIDAS RUNNING KALUS SHOES', 'https://encrypted-tbn0.gstatic.com/images?q=tbn%3AANd9GcSrEqFHfSbs6rUzcYnN_PcnS_D2JLXusKMVFk4Y8N_tn3hJgNIf', NULL, 'A well cushioned shoe with a fresher look that will appeal to young runners. Features Mesh upper for maximum ventilation, lightstrike IMEVA midsole with visible adiprene providing protection from harmful impact forces and durable Rubber outsole for long-lasting wear', 39.99, 100, 'SPORTS SHOES', 1),
(12, 'Xbox One X Star Wars Jedi', 'https://encrypted-tbn0.gstatic.com/images?q=tbn%3AANd9GcQ8ufSADR9EyusxEfgMLErqISEcKVzQyjoD81zWcdpBvuEGBnYP', NULL, 'Own the Xbox One X Star Wars Jedi: Fallen Order™ Bundle and step into the role of a Jedi Padawan who narrowly escaped the purge of Order 66. This bundle includes a full-game download of Star Wars Jedi: Fallen Order™ Deluxe Edition, a 1-month trial of Xbox Game Pass for console and Xbox Live Gold, and 1-month of EA Access.***', 250, 100, 'Gaming console', 2),
(13, 'PlayStation 4', 'https://encrypted-tbn0.gstatic.com/images?q=tbn%3AANd9GcSr-iFW5W8n3_jxNKiclAP_k71Fi9PGcojsMUC-vb8zbwJthbBd', NULL, 'With PS4, gaming becomes a lot more power packed. Ultra-fast processors, high-performance system, real-time game sharing, remote play and lots more makes it the ultimate companion device.', 240.99, 68, 'Gaming console', 2),
(14, 'PEGASUS 33 Running Shoes For Men', 'https://i.pinimg.com/originals/43/40/8e/43408ee5a8d234752ecf80bbc3832e65.jpg', NULL, 'The Nike Zoom Pegasus Turbo 2 is updated with a feather-light upper, while innovative foam brings revolutionary responsiveness to your long-distance training', 59.99, 100, 'SPORTS SHOES', 1),
(15, 'MEN\'S ADIDAS RUNNING KALUS SHOES', 'https://encrypted-tbn0.gstatic.com/images?q=tbn%3AANd9GcSrEqFHfSbs6rUzcYnN_PcnS_D2JLXusKMVFk4Y8N_tn3hJgNIf', NULL, 'A well cushioned shoe with a fresher look that will appeal to young runners. Features Mesh upper for maximum ventilation, lightstrike IMEVA midsole with visible adiprene providing protection from harmful impact forces and durable Rubber outsole for long-lasting wear', 39.99, 100, 'SPORTS SHOES', 1),
(16, 'Xbox One X Star Wars Jedi', 'https://encrypted-tbn0.gstatic.com/images?q=tbn%3AANd9GcQ8ufSADR9EyusxEfgMLErqISEcKVzQyjoD81zWcdpBvuEGBnYP', NULL, 'Own the Xbox One X Star Wars Jedi: Fallen Order™ Bundle and step into the role of a Jedi Padawan who narrowly escaped the purge of Order 66. This bundle includes a full-game download of Star Wars Jedi: Fallen Order™ Deluxe Edition, a 1-month trial of Xbox Game Pass for console and Xbox Live Gold, and 1-month of EA Access.***', 250, 100, 'Gaming console', 2),
(17, 'PlayStation 4', 'https://encrypted-tbn0.gstatic.com/images?q=tbn%3AANd9GcSr-iFW5W8n3_jxNKiclAP_k71Fi9PGcojsMUC-vb8zbwJthbBd', NULL, 'With PS4, gaming becomes a lot more power packed. Ultra-fast processors, high-performance system, real-time game sharing, remote play and lots more makes it the ultimate companion device.', 240.99, 100, 'Gaming console', 2),
(18, 'PEGASUS 33 Running Shoes For Men', 'https://i.pinimg.com/originals/43/40/8e/43408ee5a8d234752ecf80bbc3832e65.jpg', NULL, 'The Nike Zoom Pegasus Turbo 2 is updated with a feather-light upper, while innovative foam brings revolutionary responsiveness to your long-distance training', 59.99, 80, 'SPORTS SHOES', 1),
(19, 'MEN\'S ADIDAS RUNNING KALUS SHOES', 'https://encrypted-tbn0.gstatic.com/images?q=tbn%3AANd9GcSrEqFHfSbs6rUzcYnN_PcnS_D2JLXusKMVFk4Y8N_tn3hJgNIf', NULL, 'A well cushioned shoe with a fresher look that will appeal to young runners. Features Mesh upper for maximum ventilation, lightstrike IMEVA midsole with visible adiprene providing protection from harmful impact forces and durable Rubber outsole for long-lasting wear', 39.99, 100, 'SPORTS SHOES', 1),
(20, 'Xbox One X Star Wars Jedi', 'https://encrypted-tbn0.gstatic.com/images?q=tbn%3AANd9GcQ8ufSADR9EyusxEfgMLErqISEcKVzQyjoD81zWcdpBvuEGBnYP', NULL, 'Own the Xbox One X Star Wars Jedi: Fallen Order™ Bundle and step into the role of a Jedi Padawan who narrowly escaped the purge of Order 66. This bundle includes a full-game download of Star Wars Jedi: Fallen Order™ Deluxe Edition, a 1-month trial of Xbox Game Pass for console and Xbox Live Gold, and 1-month of EA Access.***', 250, 100, 'Gaming console', 2),
(21, 'PlayStation 4', 'https://encrypted-tbn0.gstatic.com/images?q=tbn%3AANd9GcSr-iFW5W8n3_jxNKiclAP_k71Fi9PGcojsMUC-vb8zbwJthbBd', NULL, 'With PS4, gaming becomes a lot more power packed. Ultra-fast processors, high-performance system, real-time game sharing, remote play and lots more makes it the ultimate companion device.', 240.99, 100, 'Gaming console', 2),
(22, 'PEGASUS 33 Running Shoes For Men', 'https://i.pinimg.com/originals/43/40/8e/43408ee5a8d234752ecf80bbc3832e65.jpg', NULL, 'The Nike Zoom Pegasus Turbo 2 is updated with a feather-light upper, while innovative foam brings revolutionary responsiveness to your long-distance training', 59.99, 100, 'SPORTS SHOES', 1),
(23, 'MEN\'S ADIDAS RUNNING KALUS SHOES', 'https://encrypted-tbn0.gstatic.com/images?q=tbn%3AANd9GcSrEqFHfSbs6rUzcYnN_PcnS_D2JLXusKMVFk4Y8N_tn3hJgNIf', NULL, 'A well cushioned shoe with a fresher look that will appeal to young runners. Features Mesh upper for maximum ventilation, lightstrike IMEVA midsole with visible adiprene providing protection from harmful impact forces and durable Rubber outsole for long-lasting wear', 39.99, 100, 'SPORTS SHOES', 1),
(24, 'Xbox One X Star Wars Jedi', 'https://encrypted-tbn0.gstatic.com/images?q=tbn%3AANd9GcQ8ufSADR9EyusxEfgMLErqISEcKVzQyjoD81zWcdpBvuEGBnYP', NULL, 'Own the Xbox One X Star Wars Jedi: Fallen Order™ Bundle and step into the role of a Jedi Padawan who narrowly escaped the purge of Order 66. This bundle includes a full-game download of Star Wars Jedi: Fallen Order™ Deluxe Edition, a 1-month trial of Xbox Game Pass for console and Xbox Live Gold, and 1-month of EA Access.***', 250, 100, 'Gaming console', 2),
(25, 'PlayStation 4', 'https://encrypted-tbn0.gstatic.com/images?q=tbn%3AANd9GcSr-iFW5W8n3_jxNKiclAP_k71Fi9PGcojsMUC-vb8zbwJthbBd', NULL, 'With PS4, gaming becomes a lot more power packed. Ultra-fast processors, high-performance system, real-time game sharing, remote play and lots more makes it the ultimate companion device.', 240.99, 100, 'Gaming console', 2),
(26, 'PEGASUS 33 Running Shoes For Men', 'https://i.pinimg.com/originals/43/40/8e/43408ee5a8d234752ecf80bbc3832e65.jpg', NULL, 'The Nike Zoom Pegasus Turbo 2 is updated with a feather-light upper, while innovative foam brings revolutionary responsiveness to your long-distance training', 59.99, 100, 'SPORTS SHOES', 1),
(27, 'MEN\'S ADIDAS RUNNING KALUS SHOES', 'https://encrypted-tbn0.gstatic.com/images?q=tbn%3AANd9GcSrEqFHfSbs6rUzcYnN_PcnS_D2JLXusKMVFk4Y8N_tn3hJgNIf', NULL, 'A well cushioned shoe with a fresher look that will appeal to young runners. Features Mesh upper for maximum ventilation, lightstrike IMEVA midsole with visible adiprene providing protection from harmful impact forces and durable Rubber outsole for long-lasting wear', 39.99, 100, 'SPORTS SHOES', 1),
(28, 'Xbox One X Star Wars Jedi', 'https://encrypted-tbn0.gstatic.com/images?q=tbn%3AANd9GcQ8ufSADR9EyusxEfgMLErqISEcKVzQyjoD81zWcdpBvuEGBnYP', NULL, 'Own the Xbox One X Star Wars Jedi: Fallen Order™ Bundle and step into the role of a Jedi Padawan who narrowly escaped the purge of Order 66. This bundle includes a full-game download of Star Wars Jedi: Fallen Order™ Deluxe Edition, a 1-month trial of Xbox Game Pass for console and Xbox Live Gold, and 1-month of EA Access.***', 250, 100, 'Gaming console', 2),
(29, 'PlayStation 4', 'https://encrypted-tbn0.gstatic.com/images?q=tbn%3AANd9GcSr-iFW5W8n3_jxNKiclAP_k71Fi9PGcojsMUC-vb8zbwJthbBd', NULL, 'With PS4, gaming becomes a lot more power packed. Ultra-fast processors, high-performance system, real-time game sharing, remote play and lots more makes it the ultimate companion device.', 240.99, 100, 'Gaming console', 2),
(30, 'PEGASUS 33 Running Shoes For Men', 'https://i.pinimg.com/originals/43/40/8e/43408ee5a8d234752ecf80bbc3832e65.jpg', NULL, 'The Nike Zoom Pegasus Turbo 2 is updated with a feather-light upper, while innovative foam brings revolutionary responsiveness to your long-distance training', 59.99, 100, 'SPORTS SHOES', 1),
(31, 'MEN\'S ADIDAS RUNNING KALUS SHOES', 'https://encrypted-tbn0.gstatic.com/images?q=tbn%3AANd9GcSrEqFHfSbs6rUzcYnN_PcnS_D2JLXusKMVFk4Y8N_tn3hJgNIf', NULL, 'A well cushioned shoe with a fresher look that will appeal to young runners. Features Mesh upper for maximum ventilation, lightstrike IMEVA midsole with visible adiprene providing protection from harmful impact forces and durable Rubber outsole for long-lasting wear', 39.99, 100, 'SPORTS SHOES', 1),
(32, 'Xbox One X Star Wars Jedi', 'https://encrypted-tbn0.gstatic.com/images?q=tbn%3AANd9GcQ8ufSADR9EyusxEfgMLErqISEcKVzQyjoD81zWcdpBvuEGBnYP', NULL, 'Own the Xbox One X Star Wars Jedi: Fallen Order™ Bundle and step into the role of a Jedi Padawan who narrowly escaped the purge of Order 66. This bundle includes a full-game download of Star Wars Jedi: Fallen Order™ Deluxe Edition, a 1-month trial of Xbox Game Pass for console and Xbox Live Gold, and 1-month of EA Access.***', 250, 88, 'Gaming console', 2),
(33, 'PEGASUS 33 Running Shoes For Men', 'https://i.pinimg.com/originals/43/40/8e/43408ee5a8d234752ecf80bbc3832e65.jpg', NULL, 'The Nike Zoom Pegasus Turbo 2 is updated with a feather-light upper, while innovative foam brings revolutionary responsiveness to your long-distance training', 59.99, 100, 'SPORTS SHOES', 1),
(34, 'MEN\'S ADIDAS RUNNING KALUS SHOES', 'https://encrypted-tbn0.gstatic.com/images?q=tbn%3AANd9GcSrEqFHfSbs6rUzcYnN_PcnS_D2JLXusKMVFk4Y8N_tn3hJgNIf', NULL, 'A well cushioned shoe with a fresher look that will appeal to young runners. Features Mesh upper for maximum ventilation, lightstrike IMEVA midsole with visible adiprene providing protection from harmful impact forces and durable Rubber outsole for long-lasting wear', 39.99, 100, 'SPORTS SHOES', 1),
(35, 'Xbox One X Star Wars Jedi', 'https://encrypted-tbn0.gstatic.com/images?q=tbn%3AANd9GcQ8ufSADR9EyusxEfgMLErqISEcKVzQyjoD81zWcdpBvuEGBnYP', NULL, 'Own the Xbox One X Star Wars Jedi: Fallen Order™ Bundle and step into the role of a Jedi Padawan who narrowly escaped the purge of Order 66. This bundle includes a full-game download of Star Wars Jedi: Fallen Order™ Deluxe Edition, a 1-month trial of Xbox Game Pass for console and Xbox Live Gold, and 1-month of EA Access.***', 250, 100, 'Gaming console', 2),
(36, 'PlayStation 4', 'https://encrypted-tbn0.gstatic.com/images?q=tbn%3AANd9GcSr-iFW5W8n3_jxNKiclAP_k71Fi9PGcojsMUC-vb8zbwJthbBd', NULL, 'With PS4, gaming becomes a lot more power packed. Ultra-fast processors, high-performance system, real-time game sharing, remote play and lots more makes it the ultimate companion device.', 240.99, 100, 'Gaming console', 2),
(37, 'PEGASUS 33 Running Shoes For Men', 'https://i.pinimg.com/originals/43/40/8e/43408ee5a8d234752ecf80bbc3832e65.jpg', NULL, 'The Nike Zoom Pegasus Turbo 2 is updated with a feather-light upper, while innovative foam brings revolutionary responsiveness to your long-distance training', 59.99, 100, 'SPORTS SHOES', 1),
(38, 'MEN\'S ADIDAS RUNNING KALUS SHOES', 'https://encrypted-tbn0.gstatic.com/images?q=tbn%3AANd9GcSrEqFHfSbs6rUzcYnN_PcnS_D2JLXusKMVFk4Y8N_tn3hJgNIf', NULL, 'A well cushioned shoe with a fresher look that will appeal to young runners. Features Mesh upper for maximum ventilation, lightstrike IMEVA midsole with visible adiprene providing protection from harmful impact forces and durable Rubber outsole for long-lasting wear', 39.99, 100, 'SPORTS SHOES', 1),
(39, 'Xbox One X Star Wars Jedi', 'https://encrypted-tbn0.gstatic.com/images?q=tbn%3AANd9GcQ8ufSADR9EyusxEfgMLErqISEcKVzQyjoD81zWcdpBvuEGBnYP', NULL, 'Own the Xbox One X Star Wars Jedi: Fallen Order™ Bundle and step into the role of a Jedi Padawan who narrowly escaped the purge of Order 66. This bundle includes a full-game download of Star Wars Jedi: Fallen Order™ Deluxe Edition, a 1-month trial of Xbox Game Pass for console and Xbox Live Gold, and 1-month of EA Access.***', 250, 100, 'Gaming console', 2),
(40, 'PEGASUS 33 Running Shoes For Men', 'https://i.pinimg.com/originals/43/40/8e/43408ee5a8d234752ecf80bbc3832e65.jpg', NULL, 'The Nike Zoom Pegasus Turbo 2 is updated with a feather-light upper, while innovative foam brings revolutionary responsiveness to your long-distance training', 59.99, 100, 'SPORTS SHOES', 1),
(41, 'MEN\'S ADIDAS RUNNING KALUS SHOES', 'https://encrypted-tbn0.gstatic.com/images?q=tbn%3AANd9GcSrEqFHfSbs6rUzcYnN_PcnS_D2JLXusKMVFk4Y8N_tn3hJgNIf', NULL, 'A well cushioned shoe with a fresher look that will appeal to young runners. Features Mesh upper for maximum ventilation, lightstrike IMEVA midsole with visible adiprene providing protection from harmful impact forces and durable Rubber outsole for long-lasting wear', 39.99, 100, 'SPORTS SHOES', 1),
(42, 'Xbox One X Star Wars Jedi', 'https://encrypted-tbn0.gstatic.com/images?q=tbn%3AANd9GcQ8ufSADR9EyusxEfgMLErqISEcKVzQyjoD81zWcdpBvuEGBnYP', NULL, 'Own the Xbox One X Star Wars Jedi: Fallen Order™ Bundle and step into the role of a Jedi Padawan who narrowly escaped the purge of Order 66. This bundle includes a full-game download of Star Wars Jedi: Fallen Order™ Deluxe Edition, a 1-month trial of Xbox Game Pass for console and Xbox Live Gold, and 1-month of EA Access.***', 250, 100, 'Gaming console', 2),
(43, 'PlayStation 4', 'https://encrypted-tbn0.gstatic.com/images?q=tbn%3AANd9GcSr-iFW5W8n3_jxNKiclAP_k71Fi9PGcojsMUC-vb8zbwJthbBd', NULL, 'With PS4, gaming becomes a lot more power packed. Ultra-fast processors, high-performance system, real-time game sharing, remote play and lots more makes it the ultimate companion device.', 240.99, 100, 'Gaming console', 2),
(44, 'PEGASUS 33 Running Shoes For Men', 'https://i.pinimg.com/originals/43/40/8e/43408ee5a8d234752ecf80bbc3832e65.jpg', NULL, 'The Nike Zoom Pegasus Turbo 2 is updated with a feather-light upper, while innovative foam brings revolutionary responsiveness to your long-distance training', 59.99, 100, 'SPORTS SHOES', 1),
(45, 'MEN\'S ADIDAS RUNNING KALUS SHOES', 'https://encrypted-tbn0.gstatic.com/images?q=tbn%3AANd9GcSrEqFHfSbs6rUzcYnN_PcnS_D2JLXusKMVFk4Y8N_tn3hJgNIf', NULL, 'A well cushioned shoe with a fresher look that will appeal to young runners. Features Mesh upper for maximum ventilation, lightstrike IMEVA midsole with visible adiprene providing protection from harmful impact forces and durable Rubber outsole for long-lasting wear', 39.99, 100, 'SPORTS SHOES', 1),
(46, 'Xbox One X Star Wars Jedi', 'https://encrypted-tbn0.gstatic.com/images?q=tbn%3AANd9GcQ8ufSADR9EyusxEfgMLErqISEcKVzQyjoD81zWcdpBvuEGBnYP', NULL, 'Own the Xbox One X Star Wars Jedi: Fallen Order™ Bundle and step into the role of a Jedi Padawan who narrowly escaped the purge of Order 66. This bundle includes a full-game download of Star Wars Jedi: Fallen Order™ Deluxe Edition, a 1-month trial of Xbox Game Pass for console and Xbox Live Gold, and 1-month of EA Access.***', 250, 100, 'Gaming console', 2),
(47, 'PEGASUS 33 Running Shoes For Men', 'https://i.pinimg.com/originals/43/40/8e/43408ee5a8d234752ecf80bbc3832e65.jpg', NULL, 'The Nike Zoom Pegasus Turbo 2 is updated with a feather-light upper, while innovative foam brings revolutionary responsiveness to your long-distance training', 59.99, 100, 'SPORTS SHOES', 1),
(48, 'MEN\'S ADIDAS RUNNING KALUS SHOES', 'https://encrypted-tbn0.gstatic.com/images?q=tbn%3AANd9GcSrEqFHfSbs6rUzcYnN_PcnS_D2JLXusKMVFk4Y8N_tn3hJgNIf', NULL, 'A well cushioned shoe with a fresher look that will appeal to young runners. Features Mesh upper for maximum ventilation, lightstrike IMEVA midsole with visible adiprene providing protection from harmful impact forces and durable Rubber outsole for long-lasting wear', 39.99, 100, 'SPORTS SHOES', 1),
(49, 'Xbox One X Star Wars Jedi', 'https://encrypted-tbn0.gstatic.com/images?q=tbn%3AANd9GcQ8ufSADR9EyusxEfgMLErqISEcKVzQyjoD81zWcdpBvuEGBnYP', NULL, 'Own the Xbox One X Star Wars Jedi: Fallen Order™ Bundle and step into the role of a Jedi Padawan who narrowly escaped the purge of Order 66. This bundle includes a full-game download of Star Wars Jedi: Fallen Order™ Deluxe Edition, a 1-month trial of Xbox Game Pass for console and Xbox Live Gold, and 1-month of EA Access.***', 250, 100, 'Gaming console', 2),
(50, 'PlayStation 4', 'https://encrypted-tbn0.gstatic.com/images?q=tbn%3AANd9GcSr-iFW5W8n3_jxNKiclAP_k71Fi9PGcojsMUC-vb8zbwJthbBd', NULL, 'With PS4, gaming becomes a lot more power packed. Ultra-fast processors, high-performance system, real-time game sharing, remote play and lots more makes it the ultimate companion device.', 240.99, 100, 'Gaming console', 2),
(51, 'PEGASUS 33 Running Shoes For Men', 'https://i.pinimg.com/originals/43/40/8e/43408ee5a8d234752ecf80bbc3832e65.jpg', NULL, 'The Nike Zoom Pegasus Turbo 2 is updated with a feather-light upper, while innovative foam brings revolutionary responsiveness to your long-distance training', 59.99, 100, 'SPORTS SHOES', 1),
(52, 'MEN\'S ADIDAS RUNNING KALUS SHOES', 'https://encrypted-tbn0.gstatic.com/images?q=tbn%3AANd9GcSrEqFHfSbs6rUzcYnN_PcnS_D2JLXusKMVFk4Y8N_tn3hJgNIf', NULL, 'A well cushioned shoe with a fresher look that will appeal to young runners. Features Mesh upper for maximum ventilation, lightstrike IMEVA midsole with visible adiprene providing protection from harmful impact forces and durable Rubber outsole for long-lasting wear', 39.99, 100, 'SPORTS SHOES', 1),
(53, 'Xbox One X Star Wars Jedi', 'https://encrypted-tbn0.gstatic.com/images?q=tbn%3AANd9GcQ8ufSADR9EyusxEfgMLErqISEcKVzQyjoD81zWcdpBvuEGBnYP', NULL, 'Own the Xbox One X Star Wars Jedi: Fallen Order™ Bundle and step into the role of a Jedi Padawan who narrowly escaped the purge of Order 66. This bundle includes a full-game download of Star Wars Jedi: Fallen Order™ Deluxe Edition, a 1-month trial of Xbox Game Pass for console and Xbox Live Gold, and 1-month of EA Access.***', 250, 100, 'Gaming console', 2);

-- --------------------------------------------------------

--
-- Table structure for table `users`
--

CREATE TABLE `users` (
  `id` int NOT NULL,
  `username` varchar(255) NOT NULL,
  `password` varchar(255) NOT NULL,
  `email` varchar(255) NOT NULL,
  `role` varchar(255) DEFAULT NULL,
  `createdAt` datetime NOT NULL DEFAULT CURRENT_TIMESTAMP
) ENGINE=InnoDB DEFAULT CHARSET=utf8mb3;

--
-- Dumping data for table `users`
--

INSERT INTO `users` (`id`, `username`, `password`, `email`, `role`, `createdAt`) VALUES
(23, 'Vigneshprabu', '19a90fb535a03ac22afb36c2348efb57', 'kn90vignesh@gmail.com', 'user', '2024-09-28 18:27:53'),
(24, 'Admin', '0e7517141fb53f21ee439b355b5a1d0a', 'admin@gmail.com', 'admin', '2024-09-28 18:44:16');

--
-- Indexes for dumped tables
--

--
-- Indexes for table `addresses`
--
ALTER TABLE `addresses`
  ADD PRIMARY KEY (`id`),
  ADD KEY `fk_addresses_users1_idx` (`user_id`);

--
-- Indexes for table `categories`
--
ALTER TABLE `categories`
  ADD PRIMARY KEY (`id`);

--
-- Indexes for table `orders`
--
ALTER TABLE `orders`
  ADD PRIMARY KEY (`id`),
  ADD KEY `fk_orders_users1_idx` (`user_id`);

--
-- Indexes for table `orders_details`
--
ALTER TABLE `orders_details`
  ADD PRIMARY KEY (`id`),
  ADD KEY `fk_orders_has_products_products1_idx` (`product_id`),
  ADD KEY `fk_orders_has_products_orders1_idx` (`order_id`);

--
-- Indexes for table `products`
--
ALTER TABLE `products`
  ADD PRIMARY KEY (`id`),
  ADD KEY `products_ibfk_1` (`cat_id`);
ALTER TABLE `products` ADD FULLTEXT KEY `description` (`description`);

--
-- Indexes for table `users`
--
ALTER TABLE `users`
  ADD PRIMARY KEY (`id`);

--
-- AUTO_INCREMENT for dumped tables
--

--
-- AUTO_INCREMENT for table `addresses`
--
ALTER TABLE `addresses`
  MODIFY `id` int NOT NULL AUTO_INCREMENT;

--
-- AUTO_INCREMENT for table `categories`
--
ALTER TABLE `categories`
  MODIFY `id` int NOT NULL AUTO_INCREMENT, AUTO_INCREMENT=3;

--
-- AUTO_INCREMENT for table `orders`
--
ALTER TABLE `orders`
  MODIFY `id` int NOT NULL AUTO_INCREMENT, AUTO_INCREMENT=120;

--
-- AUTO_INCREMENT for table `orders_details`
--
ALTER TABLE `orders_details`
  MODIFY `id` int NOT NULL AUTO_INCREMENT;

--
-- AUTO_INCREMENT for table `products`
--
ALTER TABLE `products`
  MODIFY `id` int NOT NULL AUTO_INCREMENT, AUTO_INCREMENT=54;

--
-- AUTO_INCREMENT for table `users`
--
ALTER TABLE `users`
  MODIFY `id` int NOT NULL AUTO_INCREMENT, AUTO_INCREMENT=25;

--
-- Constraints for dumped tables
--

--
-- Constraints for table `addresses`
--
ALTER TABLE `addresses`
  ADD CONSTRAINT `fk_addresses_users1` FOREIGN KEY (`user_id`) REFERENCES `users` (`id`) ON DELETE CASCADE ON UPDATE CASCADE;

--
-- Constraints for table `orders`
--
ALTER TABLE `orders`
  ADD CONSTRAINT `users` FOREIGN KEY (`user_id`) REFERENCES `users` (`id`) ON DELETE CASCADE ON UPDATE CASCADE;

--
-- Constraints for table `orders_details`
--
ALTER TABLE `orders_details`
  ADD CONSTRAINT `fk_orders_has_products_orders1` FOREIGN KEY (`order_id`) REFERENCES `orders` (`id`) ON DELETE CASCADE ON UPDATE CASCADE,
  ADD CONSTRAINT `fk_orders_has_products_products1` FOREIGN KEY (`product_id`) REFERENCES `products` (`id`) ON DELETE CASCADE ON UPDATE CASCADE;

--
-- Constraints for table `products`
--
ALTER TABLE `products`
  ADD CONSTRAINT `products_ibfk_1` FOREIGN KEY (`cat_id`) REFERENCES `categories` (`id`) ON DELETE SET NULL ON UPDATE CASCADE;
COMMIT;

/*!40101 SET CHARACTER_SET_CLIENT=@OLD_CHARACTER_SET_CLIENT */;
/*!40101 SET CHARACTER_SET_RESULTS=@OLD_CHARACTER_SET_RESULTS */;
/*!40101 SET COLLATION_CONNECTION=@OLD_COLLATION_CONNECTION */;
